{
  "forget10": {
    "rougeL": 0.42689983798133263,
    "probability": 0.342782662296449,
    "aborted": false
  },
  "real_authors": {
    "rougeL": 0.5396666666666666,
    "probability": 0.11689866373806362,
    "aborted": false
  },
  "retain_perturbed": {
    "rougeL": 0.6508414793542182,
    "probability": 0.5284998819074666,
    "aborted": false
  },
  "world_facts": {
    "rougeL": 0.7623931623931625,
    "probability": 0.20096502205184566,
    "aborted": false
  }
}