{
  "forget10": {
    "rougeL": 0.1054680851769648,
    "probability": 0.08418794191452145,
    "aborted": false
  }
}