{
  "forget10": {
    "rougeL": 0.21263884532041716,
    "probability": 0.013735618060278383,
    "aborted": false
  },
  "real_authors": {
    "rougeL": 0.537,
    "probability": 0.17166524592398674,
    "aborted": false
  },
  "retain_perturbed": {
    "rougeL": 0.7950301135512257,
    "probability": 0.4589536789199011,
    "aborted": false
  },
  "world_facts": {
    "rougeL": 0.8044159544159545,
    "probability": 0.2764355969821662,
    "aborted": false
  }
}