{
  "forget10": {
    "rougeL": 0.11989453374885091,
    "probability": 0.06324916537722712,
    "aborted": false
  },
  "real_authors": {
    "rougeL": 0.4656666666666666,
    "probability": 0.10105816060196707,
    "aborted": false
  },
  "retain_perturbed": {
    "rougeL": 0.7661986476374111,
    "probability": 0.5185733417052846,
    "aborted": false
  },
  "world_facts": {
    "rougeL": 0.7267806267806267,
    "probability": 0.1818575026039369,
    "aborted": false
  }
}